<?xml version="1.0" encoding="UTF-8" standalone="no"?>
<database name="testdb" schema="public" type="PostgreSQL - 13.4">
   <sequences>
      <sequence increment="1" name="customers_customer_id_seq" startValue="1"/>
      <sequence increment="1" name="order_items_order_item_id_seq" startValue="1"/>
      <sequence increment="1" name="orders_order_id_seq" startValue="1"/>
      <sequence increment="1" name="products_product_id_seq" startValue="1"/>
   </sequences>
   <tables>
      <table name="customers" numRows="0" remarks="顧客テーブル" schema="public" type="TABLE">
         <column autoUpdated="true" defaultValue="nextval('customers_customer_id_seq'::regclass)" digits="0" id="0" name="customer_id" nullable="false" remarks="顧客ID" size="10" type="serial" typeCode="4">
            <child column="customer_id" foreignKey="orders_customer_id_fkey" implied="false" onDeleteCascade="false" schema="public" table="orders"/>
         </column>
         <column autoUpdated="false" defaultValue="null" digits="0" id="1" name="name" nullable="false" remarks="顧客名" size="2147483647" type="text" typeCode="12"/>
         <column autoUpdated="false" defaultValue="null" digits="0" id="2" name="mail_address" nullable="false" remarks="メールアドレス" size="2147483647" type="text" typeCode="12"/>
         <primaryKey column="customer_id" sequenceNumberInPK="1"/>
         <index name="customers_pkey" unique="true">
            <column ascending="true" name="customer_id"/>
         </index>
      </table>
      <table name="flyway_schema_history" numRows="1" remarks="" schema="public" type="TABLE">
         <column autoUpdated="false" defaultValue="null" digits="0" id="0" name="installed_rank" nullable="false" remarks="" size="10" type="int4" typeCode="4"/>
         <column autoUpdated="false" defaultValue="null" digits="0" id="1" name="version" nullable="true" remarks="" size="50" type="varchar" typeCode="12"/>
         <column autoUpdated="false" defaultValue="null" digits="0" id="2" name="description" nullable="false" remarks="" size="200" type="varchar" typeCode="12"/>
         <column autoUpdated="false" defaultValue="null" digits="0" id="3" name="type" nullable="false" remarks="" size="20" type="varchar" typeCode="12"/>
         <column autoUpdated="false" defaultValue="null" digits="0" id="4" name="script" nullable="false" remarks="" size="1000" type="varchar" typeCode="12"/>
         <column autoUpdated="false" defaultValue="null" digits="0" id="5" name="checksum" nullable="true" remarks="" size="10" type="int4" typeCode="4"/>
         <column autoUpdated="false" defaultValue="null" digits="0" id="6" name="installed_by" nullable="false" remarks="" size="100" type="varchar" typeCode="12"/>
         <column autoUpdated="false" defaultValue="now()" digits="6" id="7" name="installed_on" nullable="false" remarks="" size="29" type="timestamp" typeCode="93"/>
         <column autoUpdated="false" defaultValue="null" digits="0" id="8" name="execution_time" nullable="false" remarks="" size="10" type="int4" typeCode="4"/>
         <column autoUpdated="false" defaultValue="null" digits="0" id="9" name="success" nullable="false" remarks="" size="1" type="bool" typeCode="-7"/>
         <primaryKey column="installed_rank" sequenceNumberInPK="1"/>
         <index name="flyway_schema_history_pk" unique="true">
            <column ascending="true" name="installed_rank"/>
         </index>
         <index name="flyway_schema_history_s_idx" unique="false">
            <column ascending="true" name="success"/>
         </index>
      </table>
      <table name="order_items" numRows="0" remarks="注文製品テーブル" schema="public" type="TABLE">
         <column autoUpdated="true" defaultValue="nextval('order_items_order_item_id_seq'::regclass)" digits="0" id="0" name="order_item_id" nullable="false" remarks="注文製品ID" size="10" type="serial" typeCode="4"/>
         <column autoUpdated="false" defaultValue="null" digits="0" id="1" name="order_id" nullable="false" remarks="注文ID" size="10" type="int4" typeCode="4">
            <parent column="order_id" foreignKey="order_items_order_id_fkey" implied="false" onDeleteCascade="false" schema="public" table="orders"/>
         </column>
         <column autoUpdated="false" defaultValue="null" digits="0" id="2" name="product_id" nullable="false" remarks="製品ID" size="10" type="int4" typeCode="4">
            <parent column="product_id" foreignKey="order_items_product_id_fkey" implied="false" onDeleteCascade="false" schema="public" table="products"/>
         </column>
         <primaryKey column="order_item_id" sequenceNumberInPK="1"/>
         <index name="order_items_pkey" unique="true">
            <column ascending="true" name="order_item_id"/>
         </index>
         <index name="order_items_order_id_product_id_key" unique="true">
            <column ascending="true" name="order_id"/>
            <column ascending="true" name="product_id"/>
         </index>
      </table>
      <table name="orders" numRows="0" remarks="注文テーブル" schema="public" type="TABLE">
         <column autoUpdated="true" defaultValue="nextval('orders_order_id_seq'::regclass)" digits="0" id="0" name="order_id" nullable="false" remarks="注文ID" size="10" type="serial" typeCode="4">
            <child column="order_id" foreignKey="order_items_order_id_fkey" implied="false" onDeleteCascade="false" schema="public" table="order_items"/>
         </column>
         <column autoUpdated="false" defaultValue="null" digits="0" id="1" name="customer_id" nullable="false" remarks="顧客ID" size="10" type="int4" typeCode="4">
            <parent column="customer_id" foreignKey="orders_customer_id_fkey" implied="false" onDeleteCascade="false" schema="public" table="customers"/>
         </column>
         <column autoUpdated="false" defaultValue="null" digits="6" id="2" name="date" nullable="false" remarks="注文日時" size="35" type="timestamptz" typeCode="93"/>
         <primaryKey column="order_id" sequenceNumberInPK="1"/>
         <index name="orders_pkey" unique="true">
            <column ascending="true" name="order_id"/>
         </index>
      </table>
      <table name="products" numRows="0" remarks="製品テーブル" schema="public" type="TABLE">
         <column autoUpdated="true" defaultValue="nextval('products_product_id_seq'::regclass)" digits="0" id="0" name="product_id" nullable="false" remarks="製品ID" size="10" type="serial" typeCode="4">
            <child column="product_id" foreignKey="order_items_product_id_fkey" implied="false" onDeleteCascade="false" schema="public" table="order_items"/>
         </column>
         <column autoUpdated="false" defaultValue="null" digits="0" id="1" name="name" nullable="false" remarks="製品名" size="2147483647" type="text" typeCode="12"/>
         <primaryKey column="product_id" sequenceNumberInPK="1"/>
         <index name="products_pkey" unique="true">
            <column ascending="true" name="product_id"/>
         </index>
      </table>
   </tables>
</database>
